TV_scaled,radio_scaled,total_intersections_scaled,total_spent_scaled,TV^2_scaled,TV/radio_scaled,TV/newspaper_scaled,radio^2_scaled,radio/newspaper_scaled,TV_YJ_transformed,radio_YJ_transformed,total_intersections_YJ_transformed,total_spent_YJ_transformed,TV^2_YJ_transformed,TV/radio_YJ_transformed,TV/newspaper_YJ_transformed,radio^2_YJ_transformed,radio/newspaper_YJ_transformed,sales
0.9698522664314473,0.9815224720944642,2.5966536909228592,1.4688510629152374,0.9407477407908634,1.5533893135366095,2.3309121378819606,0.9105337440303284,1.9145700665982197,0.9486742908307492,0.9622468878446128,1.7720615834371292,1.4013483039552292,0.9476993157510452,1.3288810300296203,1.7234207525718175,0.9603816446697279,1.4879025287981962,22.1
-1.1973762276801814,1.0828078125004696,-0.25100471816634373,-0.7758341517174678,-1.0577969897662332,-0.5194778168025455,-0.5333257925471844,1.0681023766789364,1.0130682193961313,-1.191314258624679,1.0401787990433142,0.28941459195659436,-0.7352390433899081,-1.1900263917797465,-0.20090693479786367,-0.2852062194745302,1.03682712215707,1.1234533841280239,10.4
-1.5161549878593166,1.5284633102868943,-0.38256087016441764,-0.7380992898000116,-1.1238485649727576,-0.8056580688461659,-0.7010701374200496,1.8342415337127904,2.5186606466468033,-1.6477565958647225,1.3707096362410571,0.07016980358918205,-0.6945484402187158,-1.651777430895207,-0.7319085076597571,-0.6485520384007815,1.3603688731914392,1.6811288230127501,9.3
0.05204968217943215,1.2178549330418105,1.3124913509646048,0.5438078764815868,-0.23541192007938003,0.825289263925271,0.8777610668981962,1.2877311149664903,1.701084320917728,0.1410202330575411,1.142386892263142,1.3634009208971283,0.5752671893060758,0.14347428261236006,0.9539529113990717,1.047836380962705,1.1369890196779049,1.4114039433030807,18.5
0.3941821976830461,-0.8416136552136361,-0.0595628459021952,0.5297920706265317,0.1463857991962438,-0.45868722134514156,1.226832069700726,-0.8772877843873391,-0.20739550651080463,0.45271492806946156,-0.7486506430965127,0.5237888270384371,0.562286230117011,0.45409115238077663,-0.11711179687471403,1.2396158937394204,-0.7422181279343609,0.27338053751968056,12.9
-1.0455768180710694,0.6439046707411122,-0.4391312703672188,-0.9386331274184951,-1.005799917364709,-0.4785659459208392,-0.6682844631236795,0.4295849560929436,-0.057652963548893536,-1.0024911600102964,0.6937270354489949,-0.05035375399890134,-0.9138668334575978,-1.0001625925814435,-0.14380109494738702,-0.5653018274193589,0.6964560663900836,0.4259968430917247,11.8
-0.31343658864866036,-0.24740632483173663,-0.5316496655548503,-0.5332528965338181,-0.5688915755000187,-0.33838872124179126,-0.6594196317347369,-0.512802176033205,-0.6385787741372787,-0.21027500179588568,-0.10158544325410158,-0.3121336418747918,-0.4778237868547111,-0.20706361212911578,0.03196776257422687,-0.544070361813586,-0.09127022312375307,-0.42111579878901684,13.2
-1.6165761357545751,-1.4290686295684685,-0.680348183723289,-2.0394129564963013,-1.1325492515673659,-1.0357728004215638,-0.9446337982609851,-1.0301967998836925,-0.8793769268186045,-1.8260950128131814,-1.6334537835033762,-2.547052004500867,-2.3808665415079138,-1.8343731253159443,-2.082165485365363,-2.49414214738097,-1.6562679686098474,-2.268581772906043,4.8
0.6160428732655943,-1.3953068494331333,-0.6204839918631264,0.24516339787771563,0.42995414713318425,-0.8861991197981213,-0.07458363215737436,-1.026995016167962,-0.8226996736215705,0.6476449177250502,-1.566769879190966,-0.7524897154909483,0.29510630935665855,0.6481825909685777,-0.9655890386697148,0.3243329596200091,-1.5877636567626936,-1.1895017146803906,10.6
-0.9451556701758109,-1.1792314565669881,-0.6299315536664104,-1.129463714829633,-0.9641175583300753,-0.9267977754816811,-0.6171640040553799,-0.9903720603046279,-0.7315799251773006,-0.8837737783200121,-1.2029875814938067,-0.828600426885208,-1.1304805808437564,-0.8810009889952715,-1.1181573910089588,-0.4491639882337346,-1.2085071049934264,-0.7061998687334099,8.6
0.7900283504329608,0.04969734035921297,-0.5682243908754684,0.45108793005583603,0.6721385506063619,0.49592111056007965,-0.7696423971261122,-0.25142762793714857,-0.778999822420236,0.7970835537790153,0.1807257884820933,-0.45574623596161157,0.4890968630982899,0.7969016275974603,0.7492234452044153,-0.8543310481763585,0.18955698279545538,-0.9131412226002633,17.4
-1.4390875952885367,0.7992088593636544,-0.380706519777807,-0.8200378471064884,-1.1132373977089174,-0.7919660901843334,-0.6235857068493201,0.6423605147676786,1.5910222690662266,-1.5264162709807827,0.8190056291809993,0.07378327801512607,-0.7832342595078534,-1.52846622270652,-0.6981101654078719,-0.4629720298348883,0.8196968545629982,1.3699275182176838,9.2
-0.5785017115814943,-1.0576890480797814,-0.6513978680403547,-0.9548052110974051,-0.762676351083072,-0.8201196619948725,-0.8019155701418121,-0.9575094972308327,-0.823127265120605,-0.4803684375129582,-1.0281364196884772,-1.06041768631508,-0.9319031068828142,-0.4769808671864874,-0.7691529629634966,-0.9728456122275928,-1.0278909264787814,-1.1929339357905275,9.7
0.6662534472132234,0.6506570267681794,1.0013441696853043,0.8855779115625511,0.4980589400704352,0.9618928523435616,0.985993516071065,0.4385363258854325,0.7361706544088108,0.6910657692074714,0.6992403033490934,1.2312150692010158,0.8871710499281902,0.6914009661050607,1.031354882204,1.110056418064691,0.7018837289316957,0.9827831269819018,19.0
0.564664611551741,1.6500057187741013,2.0041178358681178,1.0257359701131041,0.36176661375644004,1.739170671065787,1.1811268350077007,2.0637889892133314,1.8157643609588034,0.6029571268367724,1.4577035902448954,1.6042621011175964,1.012681340652253,0.6036973592004052,1.4122758187289237,1.215891558805184,1.4453525977342045,1.4531127682595228,22.4
1.5688760905043273,1.1030648805816712,2.7050992298477015,1.8968722109503888,1.969707454186321,2.282930153059422,2.285466241186383,1.1003518322326986,1.4804791767783105,1.4355201034678795,1.0556314171700574,1.7999658138148584,1.7663478987841235,1.4316122951574055,1.6356118492704361,1.7061589672898432,1.0519773169378297,1.3267237565762013,24.4
-0.9089573494228688,-0.1866351205881334,-0.5390996265012299,-1.0011651843102805,-0.9476702490711225,-0.6179914541243354,-0.685756846142192,-0.46363095292651896,-0.48059440503147594,-0.8419932763058834,-0.0420990786209036,-0.33876862236521366,-0.9839215157509271,-0.8390967781273985,-0.35278894901487434,-0.6086876872183505,-0.03196589526504354,-0.09664078841094911,11.3
0.0030067959980268925,0.04294498433214584,-0.31433851155409887,-0.11385685979408582,-0.28462326697305773,0.00899676352154116,-0.3673330082761275,-0.2579538168726163,-0.3936436737027934,0.09508550742923756,0.17453165331414547,0.19219325092557674,-0.0527423534765678,0.09766815566139334,0.37966157370023657,-0.023414003202277444,0.18341139427210523,0.03896432332683761,14.6
0.8332327977832467,0.29953451336069337,1.0784847493929994,1.0634708320305608,0.7349769733901258,0.7634605838111533,1.4540286213694134,0.009197566523311418,0.6995902016664022,0.8337607035240134,0.40367061122457487,1.2657889457800788,1.0462503868704192,0.8333925691074248,0.9175950084195664,1.3522631659041133,0.41033056459382516,0.9627560051072461,18.0
1.0550934733657948,-1.2264979487564576,-0.5255313405081906,0.7022942965349046,1.0745735393114535,-0.6799961313497925,0.20186655664560543,-1.0007676389220848,-0.753504679290299,1.0195862883517177,-1.2756730350144039,-0.2910843780661875,0.7209829653744324,1.0182196604292884,-0.4617588201079657,0.5789753872533523,-1.2840483523859327,-0.794077161007929,12.5
-1.5628624985082742,-0.49724349783321714,-0.6237667634158935,-1.3170598855049886,-1.1286169239501525,-0.9785528582230302,-0.8116469197603216,-0.6917614488252039,-0.03858238269195107,-1.7270164191370636,-0.3573928875878559,-0.7777150009469384,-1.3527008268279364,-1.7326818300778883,-1.3833374883156422,-1.0124783091213025,-0.3472106749348092,0.4437688119499862,5.6
0.9488338866394166,-0.4297199375625469,-0.13005831342899027,0.7605137977789809,0.9083919154666212,0.1097625672680987,0.284722988592035,-0.6470727229205403,-0.4082993723322038,0.9310979818846147,-0.2863112904673848,0.4456388521909175,0.7740342966310694,0.9302180821531936,0.46483859502581304,0.6461771055391737,-0.2759327385923861,0.01756810495370277,15.5
-0.9895278052923205,-0.7200712467264295,-0.6022324445427487,-1.1607297432755257,-0.9832505987268714,-0.8070004196953651,-0.7117462183149754,-0.8199009205122041,-0.6351366625700503,-0.9356977208748943,-0.604310610007599,-0.6303110119627503,-1.1668215436236762,-0.9331016476618782,-0.7352962788793411,-0.6774676397940734,-0.5959153907111651,-0.412410783353604,9.7
1.3528538537528987,-1.33453564518953,-0.5827523896828878,0.9168439400084434,1.5748453724361182,-0.7666791831873064,0.10876215732384581,-1.0195151044235533,-0.8086639826657602,1.2629094334923292,-1.4550584988159865,-0.5239786538080902,0.9152843647807573,1.2601048048213461,-0.6389981636675164,0.4989512315179317,-1.4713507289137584,-1.086593192900037,12.0
-0.04837146571582644,0.40757220979376607,-0.39320606252440127,-0.17315449995008908,-0.3346941733139767,0.20781383929738678,-0.5758098846528643,0.13345402391676622,-0.48697620815456716,0.046590128462228694,0.4966440551111669,0.049052892660895034,-0.11151345658718534,0.049299421918054136,0.5427875023677781,-0.36479241174495924,0.5021713812099862,-0.10750935220616878,15.0
1.086621043053841,-0.4432246496166809,-0.18050486219868767,0.8499993274689489,1.1251295163805823,0.15492521583893584,0.18527509952318458,-0.6562284618863738,-0.4728122397490466,1.0456669024509517,-0.30040382540109,0.3843764297851494,0.8550979069732971,1.0441530263609462,0.5013039739367534,0.565082287677961,-0.2900538959144381,-0.08357638322690913,15.9
1.188209878715324,0.2590203771982913,0.1602327917682722,1.0559238596470697,1.2919213019498248,0.9701229545500969,0.22628137669102824,-0.03560015627380237,-0.21822426122385546,1.1291815201647692,0.36829809812840486,0.7271147006885831,1.0395439534369988,1.1271848171392396,1.0358971814768008,0.5991469834372478,0.37535526936661134,0.2613045893780213,18.9
-0.8926097206957337,-0.49049114180615017,-0.4295122000191132,-0.792006235396378,-0.9399953870723095,-0.7042002086617989,-0.353532521983381,-0.6874151977387442,-0.1837924557640957,-0.8232864611771441,-0.3502137939370072,-0.02829185300766669,-0.7527564235840675,-0.8203396690593642,-0.5079057845470328,-0.004333977828885458,-0.3400057798703929,0.2991635723187464,10.5
1.70316018362008,0.3400486495230957,1.2692398851095352,1.7631829858713992,2.2286909118199913,1.431471043408559,1.6579423839339178,0.05497626135247899,0.4252688754607654,1.5412973052048478,0.4387619535797987,1.346111945023647,1.6533555626851903,1.5366814691315993,1.2718255160791445,1.4467144626990471,0.44500927077232494,0.7991388308935595,21.4
-0.3986777955830078,-0.3959581574272117,-0.2675837631600631,-0.344578586946535,-0.6356184068051511,-0.45516131311457825,-0.0494360793572581,-0.6237065141014861,-0.16365289615956677,-0.29553337274931324,-0.2513403572540121,0.26519350570355604,-0.283776671300767,-0.29222399602993737,-0.11244554227115511,0.3498303898212655,-0.2409121280118174,0.32060679620549687,11.9
-0.5820047748801661,-1.4695827657308709,-0.6566313287794807,-0.7779904295413227,-0.7649668103583156,-0.9976679343156276,-0.34622166034104884,-1.0331397159798532,-0.8335177385471454,-0.4840424310963332,-1.7191889775874094,-1.1387506253444484,-0.7375719391257238,-0.4806553144901225,-1.5223020998396524,0.005638473442710318,-1.741146094173113,-1.2832592949107602,9.6
1.3843814234409455,-0.2203969007234686,-0.671769816335729,0.916843940008444,1.6308010454854067,0.5434105006028624,-0.9300038420240211,-0.49122079132802615,-0.8752079097030173,1.2882973368692792,-0.07502706364044702,-1.500462704496036,0.9152843647807583,1.2853346331004079,0.7805491306860375,-1.9361765736513474,-0.0647839269767047,-2.0204662203931,17.4
-0.5995200913735251,-1.476335121757938,-0.6750483410102434,-1.038900046227737,-0.7763132303427658,-1.001193842546191,-0.8006435790114739,-1.0335348297149858,-0.8705471623635403,-0.5024574893671682,-1.7342106958757981,-1.6512246047353598,-1.0266184017992073,-0.49907389870203117,-1.5524688051283324,-0.9678150164193257,-1.755342915975671,-1.8544410597778382,9.5
1.6774710527631536,-1.2940215090271279,-0.625286672140102,1.1044401106837995,2.178343942590908,-0.6856250559107683,-0.43782354586807226,-1.0133022815538806,-0.8443678728351479,1.5211481926850534,-1.385312796470673,-0.7898119574937742,1.0825930298379582,1.5166690452965224,-0.4722906317961204,-0.12660123829127748,-1.3984342210744718,-1.3960787550453364,12.8
1.3995613644018563,1.3866638337184864,-0.36219689293284074,1.2381293357627885,1.657946575930319,2.446034730242793,-0.6717320118992725,1.57759472582677,-0.6475154364671015,1.3004966982721988,1.2675886969522052,0.10885940175378558,1.2004531829594678,1.2974575150005108,1.6975051473377896,-0.5736965216771609,1.2595417946245178,-0.4441937705027092,25.4
-0.8447345222805521,1.7647957712342408,0.23775701703422805,-0.3348753367391889,-0.9166347415657029,0.05962128854767571,-0.24376462720657638,2.288690452173172,1.5316832587877018,-0.7690525682427523,1.53874417323663,0.7881738866011189,-0.2739277400612373,-0.7659769757347982,0.42314532554456646,0.1366066487436166,1.5244610281715278,1.3469367008693143,14.7
-1.2137238564073167,0.23201095309002298,-0.4605234113790645,-1.0345874905800276,-1.0626061307611978,-0.6978851936667881,-0.6350315687842886,-0.0649203203429598,0.12019303068706566,-1.2124540303345193,0.34455612051631557,-0.1021967822819095,-1.0217221140095858,-1.2113129331017227,-0.49564507437190247,-0.4881047970192006,0.3518691473491249,0.5802338605534061,10.1
0.9453308233407447,0.9747701160673975,0.8171726317515928,1.0440643316158689,0.9030239824039931,1.5229090002541255,0.5552866165005694,0.9002471623053228,0.40799417889976813,0.9281650306450233,0.95701090808677,1.1429456880685005,1.0289978386976533,0.9273009177662246,1.3147980170837847,0.8442518492458564,0.9552431752564463,0.7879253807271366,21.5
0.6475704429536405,-0.06509271210092664,0.09650189348502457,0.598792960989881,0.4725482195413737,0.3058889753417716,0.37066266117478597,-0.3586669454967848,-0.12833383833931009,0.6749377636952045,0.0740958393312046,0.6732693230949032,0.6260418713912339,0.6753488112342987,0.6165299081411298,0.7123700732730872,0.08366693374137325,0.35705526213239824,16.6
0.3498100625665363,0.6844188069035145,0.5652318063358239,0.5200888204191857,0.09306958538024937,0.7223309537916881,0.46346861597567324,0.4837019131945667,0.500118767366769,0.4130909836009779,0.7267140793071393,1.0060919084942899,0.5532901662785438,0.41462291856674865,0.8929172206250466,0.7802919808463606,0.7289252280721827,0.8463712783832114,17.1
1.7113339979836482,0.29953451336069337,-0.6007418882809252,1.3179116152454116,2.244790005390464,1.384831808903603,-0.83763011721888,0.009197566523311418,-0.8283225018338752,1.5476999527696456,0.40367061122457487,-0.6214314137816614,1.2702718123753354,1.5430405050712892,1.249471745271844,-1.1300404821629788,0.41033056459382516,-1.2363312166467724,20.7
0.6989487046674938,-1.0036701998632451,-0.4306312851070002,0.440306540936563,0.5431858110505817,-0.5227263058576076,0.1778386853582787,-0.9400699944387689,-0.6445650551237629,0.7192094305197607,-0.9549928596400835,-0.030821662703010486,0.4790311202283373,0.7194104639711942,-0.2055754843590216,0.5588054453617335,-0.9527897822838886,-0.43649669403691244,12.9
-1.4239076543276254,0.1644873928193526,-0.528367269687467,-1.1510264930681797,-1.1107445968849619,-0.8487355990979135,-0.7227083943023235,-0.13631328489797104,0.3079484579131513,-1.503595383095358,0.2846211799052966,-0.30075254379511185,-1.1555155646608248,-1.5053327491110453,-0.8482670579539312,-0.7082080193961673,0.29254065780620847,0.7204593311705549,8.5
0.32762399500828143,-0.05158800004679261,-0.004745725828305573,0.30446103803371893,0.06683616044367637,0.1340680666442666,0.1888482008213513,-0.3464592935423401,-0.12398309483663326,0.3931946652958335,0.0867911555006645,0.5795604452638157,0.35135118218158634,0.3948028262515463,0.4845869200031226,0.5680871807321071,0.09628505200027342,0.36144813021014005,14.9
-0.6695813573469614,-0.9023848594572395,-0.50783448449006,-0.7068332613541185,-0.8199343037511034,-0.776260585248702,-0.28729636249242163,-0.9026704357167257,-0.5038126234290539,-0.5768956208880366,-0.8239610577831012,-0.23390305795744426,-0.6610230291102187,-0.5735481966227057,-0.6609234750698343,0.08284645323339328,-0.8188642496735378,-0.13688578977206917,10.6
1.0842856675213934,1.2313596450959448,0.3223787831328917,1.0677833876782699,1.1213650224510605,1.92867183194819,-0.03292695175783659,1.3102934717037231,-0.06091334872903219,1.043737682262211,1.1525051475283823,0.8500665343430807,1.05008098760909,1.0422347565701946,1.4933652300333264,0.3662777510231765,1.146898917811611,0.4229249587828984,23.2
0.935989321210953,-0.5039958538602842,0.29486009555366627,0.9923136638433567,0.8887440020980057,0.029665983597322476,1.3870782532664356,-0.696080450688551,-0.038817558016420124,0.9203388190381704,-0.3645882144884937,0.8304371079493359,0.9828711311723599,0.919516721309141,0.39759098835947493,1.3199347460843374,-0.35443323896650075,0.44355165747952463,14.8
-0.9358141680460192,-0.7808424509700329,-0.5236143976697938,-0.9213829048276577,-0.9599452442248548,-0.8076715951199647,-0.4396821348497799,-0.8496979459858318,-0.42136229262771036,-0.8729433825528339,-0.6755036104586851,-0.2846330318715045,-0.8946890119062945,-0.8701369845598367,-0.7369953223833892,-0.12946408135443926,-0.6679830043486049,-0.00196280444150839,9.7
0.6160428732655943,-1.3615450692977982,-0.5637632739490416,0.3950247066356149,0.42995414713318425,-0.8563989309458977,0.4764725641334024,-1.0231120018744164,-0.7669631217224125,0.6476449177250502,-1.5035420776163206,-0.43628562767139845,0.4366480383233961,0.6481825909685777,-0.8708566612891566,0.7895377395560002,-1.5219958946862107,-0.8542598895380195,11.4
-0.5446387663610001,-0.9226419275384407,-0.6615543100500383,-0.9407894052423499,-0.7401713436758632,-0.7536464479425252,-0.8720109260233603,-0.9106408334771612,-0.8446778766719482,-0.4450050636424869,-0.849587282282235,-1.226968902860142,-0.9162684585332124,-0.44161730197454513,-0.6100286106917043,-1.3237960537942142,-0.8449976857951812,-1.3996684631063834,10.7
0.809879042458768,1.244864357150079,1.2651989477837744,1.0440643316158693,0.7008769325452043,1.6506650050752496,0.8173908859209327,1.3329648253334065,0.8836042032759356,0.8139558533290234,1.162605243974588,1.3444802544124197,1.0289978386976544,0.8136887254186953,1.37305605739415,1.011913496788257,1.1567900106056197,1.0599318357292542,22.6
0.41520057747507677,1.5487203783680958,2.015778032130503,0.934094162599281,0.17203611970852484,1.4753360861585039,1.25974329651967,1.8718863354428472,2.0173844425410863,0.4714070298095042,1.3852959762429942,1.6078517860004908,0.9307665812274796,0.47270801895964865,1.2925785562396521,1.2564673861748161,1.3746228712573882,1.5230539152772367,21.2
1.350518478220451,0.37381042965843087,-0.025471259406513427,1.14864380607282,1.5707232515832916,1.2157075339120447,-0.08669224675248675,0.09387452734571518,-0.39211503409374476,1.261026103361969,0.46779568515425074,0.5589367882312906,1.1216855513450579,1.2582331423562858,1.165761790489955,0.31185778826891003,0.4736878991057827,0.04116573606535225,20.2
0.6055336833695788,1.7647957712342408,2.5294290056848414,1.1583470562801663,0.415883174667242,1.8898361303799116,1.509897435676694,2.288690452173172,2.2868312256577283,0.6385256257946165,1.53874417323663,1.7543721739255118,1.1302504605515282,0.6391051184420689,1.477052357126946,1.3787245012097138,1.5244610281715278,1.610569626348193,23.7
-1.6317560767154862,0.32654393746896165,-0.6342079096099809,-1.337544524831608,-1.1333597941665658,-0.9799697841194072,-0.884199811903397,0.03960769951697293,0.361963954028695,-1.856247378778779,0.4270955833998021,-0.8670563833775671,-1.3776222624725325,-1.8654710179544667,-1.392516370849237,-1.4089149044434537,0.4334821121975739,0.7574358169172075,5.5
-0.12660654605283048,-0.2744157489400049,-0.4440932358022502,-0.311156280676788,-0.4080222015784401,-0.26109317634301105,-0.48105272015689526,-0.5339475731685825,-0.5409168757577798,-0.028022140373457054,-0.12834141352234507,-0.06202447258509455,-0.24990367696347265,-0.02513695700121899,0.11841965675814188,-0.19533808790604096,-0.1179689051920067,-0.20559463158030233,13.2
0.7444885275502274,1.778300483288375,1.4657468185006581,1.0483768872635784,0.6070657438215135,2.077771215271582,0.6893108469910235,2.3156671830546465,1.1172829574983356,0.7582419719848205,1.5482092543819217,1.4222293845963492,1.0328338427558446,0.7582531877729596,1.5546246900612686,0.9325180277990165,1.5336967939075545,1.1720605868266305,23.8
0.7433208397840033,0.42107692184790013,-0.3657117563821192,0.5244013760668947,0.6054128957055823,0.8129694661315089,-0.5430900739748935,0.14947656710697485,-0.5883474627881911,0.757243542036961,0.508132451202993,0.10233285821811183,0.5572893535656551,0.7572596669629468,0.9467771954904405,-0.30293190644286094,0.5135111691273195,-0.3029192173721948,18.4
-1.092284328720027,-1.4358209855955355,-0.6679792052593875,-1.3364663859196806,-1.0232107017887488,-1.0092419816376124,-0.7107562058009097,-1.0307554089575006,-0.8358694917918357,-1.0592742660845227,-1.6472703727291702,-1.3773075529176113,-1.3763070728374907,-1.0572116952852058,-1.629115107274246,-0.6747450583313487,-1.6702651035797722,-1.3058463666884133,8.1
1.3341708494933162,1.3123879174207493,2.6425494918561356,1.7017290678915413,1.541956243805194,2.287127236714586,1.9954584381835048,1.447956546868577,1.6151811887616805,1.2478321191896342,1.2128374082509839,1.783964317739953,1.6011145606530972,1.245120669515137,1.6372312018333366,1.5914693528763522,1.2059677291316773,1.3791589685418697,24.2
1.0772795409240499,-0.5242529219414853,-0.12911571880079817,0.8758746613552053,1.110090363132142,0.06528004312752243,0.3982204107607048,-0.7088739609399165,-0.4292834251473259,1.0379474602103942,-0.3862729408980141,0.4467378854884431,0.8784325475314598,1.0364773445170714,0.4279172031330993,0.7329054512165668,-0.3762084800181558,-0.01402710889996808,15.7
-0.5177819477378495,0.4278292778749673,-0.5414139138026105,-0.6486137601100426,-0.7218535514956792,-0.13435139216350409,-0.7688438007530195,0.1575287125367482,-0.6158309063886389,-0.41714955013143157,0.5138658631559562,-0.34728259600936934,-0.5990382769240096,-0.41376686078421904,0.24787635750809262,-0.8516129892316326,0.5191697204403014,-0.365341955936209,14.0
-0.18615862213025125,1.3191402734478161,0.20246973830063872,0.020910504196830406,-0.4614791917820072,0.632626121042532,-0.16658069939479417,1.4596055897492128,0.4406194102761066,-0.08546825808565174,1.2178363677108184,0.760940350341191,0.07937913929667208,-0.08246393655066643,0.8376441504082802,0.2260507202821877,1.2108604021832963,0.8090022019931886,18.0
-0.9112927249553167,-0.9428989956196417,-0.677302028625787,-1.311669190945352,-0.9487541096149974,-0.8497408707338694,-0.9336222245598375,-0.9183659882295832,-0.8726744300712375,-0.8446737527479283,-0.8754918921448207,-1.809423688750439,-1.3461658409295971,-0.8417847151486204,-0.8511936396133474,-2.01650082687368,-0.8714433291517061,-1.9222462291878857,9.3
-1.3491756372892934,0.0902114765216153,-0.6711644728432447,-1.5370002235381643,-1.096539906457565,-0.8100072855975714,-0.9321402931458513,-0.2116982606389781,-0.8237686523691569,-1.3953144851663728,0.21769394828581282,-1.4780887983855975,-1.6285310808302633,-1.3957660006341799,-0.7429350839458931,-1.9817851215564,0.22622160308997055,-1.1981201967832142,9.5
-0.09040822529988814,-0.5917764822121557,-0.5682719232436046,-0.3974073936309743,-0.3745319303231445,-0.4386384656618789,-0.6539570678837376,-0.7497477956088161,-0.7235198254204989,0.006617802411482423,-0.4596682338443779,-0.45595705687393384,-0.33761576115979397,0.009424238458263373,-0.0908400669360691,-0.5312322241505408,-0.45000699485550183,-0.6765075758639659,13.4
1.0550934733657948,0.28602980130655936,-0.2894424237479705,0.8090300488157102,1.0745735393114535,0.9062926801697285,-0.408915592104966,-0.0058440046348435795,-0.5582557110436323,1.0195862883517177,0.39191141749322245,0.23197887859213615,0.8180553029280223,1.0182196604292884,1.0003166343050922,-0.0830563469849204,0.39870552814349836,-0.2398132238169337,18.9
0.8145497935236637,1.3934161897455537,0.7290626704211914,0.9384067182469901,0.707671844087992,1.797917910230521,0.2673308768584467,1.5895435101616449,0.3948243607295028,0.8179206920014807,1.2725404975271792,1.0974481878857298,0.934633982260601,0.8176334289109553,1.4378224912146225,0.6323601182942621,1.264385713189476,0.7792938635445581,22.3
0.6078690589020266,0.49535283814563763,0.6032987648907036,0.7281696304211603,0.41900456755047066,0.7762218658842076,0.6395035438145614,0.2395488741056734,0.38428423027830066,0.6405530784550815,0.5708120969800462,1.0281813382993743,0.744592136634954,0.6411232948959696,0.9251706798541092,0.9003752472252355,0.5753476202605432,0.7723333298656577,18.3
-0.43487611633594997,-0.6052811942662898,-0.40944429553833966,-0.48581478440901577,-0.6626902159106116,-0.5727870435270785,-0.23000118919917945,-0.7575955718652447,-0.3970430261201183,-0.33217629883385924,-0.4745617951792831,0.015539047719112546,-0.42856372866174886,-0.32883633993624756,-0.2802908440627192,0.1530809743477286,-0.4650012470979851,0.034048654651755945,12.4
-1.4040569623018184,0.6574093827952465,-0.5875110984358005,-1.3127473298572794,-1.1072847916828603,-0.7773434149337228,-0.8399435768151585,0.44751494490103433,-0.20078921785072038,-1.4742038194074314,0.7047473669224761,-0.5481861626274995,-1.347472071106054,-1.4755614088512303,-0.663436462206266,-1.1414985807364688,0.7073049010753574,0.280670230065815,8.8
-0.20600931415605805,-1.1859838125940552,-0.5547484254819844,-0.3715320597447183,-0.4788448807058495,-0.8211398486402639,-0.11277218140056929,-0.9919388906336024,-0.690905283831636,-0.10474749264712443,-1.2131899876204737,-0.39879483952356787,-0.3111993722034089,-0.10170647179681692,-0.7718447718083463,0.28453190452104155,-1.2190944536457191,-0.567645573399271,11.0
0.7748484094720498,0.0902114765216153,-0.3060118697078957,0.541651598657732,0.6503150734543106,0.524808500834848,-0.37101519619226836,-0.2116982606389781,-0.5371326909913238,0.784157304613815,0.21769394828581282,0.205745997301473,0.5732711426278649,0.7840401214123544,0.7683589188782575,-0.028562682986616197,0.22622160308997055,-0.19831562180351625,17.0
-1.395883147938251,-1.4628304097038036,-0.675487468221575,-1.6286420310519876,-1.1057942873676403,-1.028034893526402,-0.8292386805871831,-1.032717353021608,-0.8462172060684725,-1.4622415794110055,-1.7043949442366781,-1.6769847723535365,-1.7498325398237793,-1.4634515396825267,-1.8862056273284884,-1.0899584085401965,-1.7269159932779912,-1.4178557314928293,6.9
-0.3099335253499886,0.3535533615772297,-0.41492760339190277,-0.4060325049263931,-0.5660599702224063,-0.016722678749116694,-0.5942187659954932,0.07045382008043564,-0.44900608304029616,-0.20680098384157347,0.4503979662966917,0.0038408901626668206,-0.3464412251079991,-0.20359435738134118,0.3569987234762467,-0.40142602392012317,0.45650444178002053,-0.04483139290424108,14.2
-1.653942144273741,0.4480863459561682,-0.6721829395848363,-1.6836271155602818,-1.1343060154011428,-0.9929965533604143,-0.9359562665368658,0.18184864416474314,-0.581174615391886,-1.9027195715110523,0.5310233426932528,-1.5164964797630676,-1.824889961186767,-1.913534701078545,-1.4848801990494755,-2.077798055084226,0.5361004266769143,-0.2874144749190002,5.3
-0.3624794748300658,-1.0509366920527143,-0.5681061316502771,-0.5828472864824753,-0.6077929146442179,-0.7747183732730664,-0.3948784084335964,-0.9554249316627188,-0.6914825323553326,-0.25915513116346234,-1.018855578451502,-0.45522204445381875,-0.5296814078791833,-0.25588305976772013,-0.6573568980545856,-0.0625457073037056,-1.0183473746536509,-0.5694358028004235,11.0
-0.8248838302547452,0.23201095309002298,-0.43277007833166053,-0.8135690136349245,-0.9065619753607409,-0.43266351288199867,-0.595737745694829,-0.0649203203429598,-0.24514114608808257,-0.7467962662596098,0.34455612051631557,-0.035683218066649376,-0.776187891391193,-0.7436748698998127,-0.08313052410721311,-0.40451268082140235,0.3518691473491249,0.23057590217005122,11.8
1.0831179797551695,-1.2940215090271279,-0.48291581200317224,0.8618588555001498,1.1194839518906525,-0.7478773222928556,0.8748527764982484,-1.0133022815538806,-0.7198959874661808,1.042772912215316,-1.385312796470673,-0.161215378502563,0.8657987409958023,1.0412754591509539,-0.5975013051156678,1.04612652407889,-1.3984342210744718,-0.6635566543233852,12.3
-0.8377283956832086,-0.20013983264226742,-0.4099575307751814,-0.7844592630128867,-0.913105528506776,-0.5851814163680185,-0.4427015701057769,-0.4747486359564596,-0.17636305346836975,-0.761182350812591,-0.05523482171620659,0.01445257881522277,-0.744575701065509,-0.7580901033093421,-0.29965695267570225,-0.13413192305695404,-0.04505507643975576,0.30713194151584383,11.3
-0.9182988515526602,1.4339303259079559,-0.0904610412981827,-0.5645189249797108,-0.9519868687769745,-0.1331939874313056,-0.4452146787953284,1.6618084498562595,0.8118543497379324,-0.8527274543577681,1.3021633854812529,0.49050419529706085,-0.5104730966934345,-0.8498612203342157,0.2489976100337902,-0.13803311883161062,1.293358398167489,1.0230721200573099,13.6
0.7760160972382737,1.3326449855019504,1.0090536693400824,0.9642820521332465,0.6519890968485949,1.6973847806311577,0.5388824590429718,1.4829854231798238,0.6720319295536232,0.7851523711185933,1.2278212366067631,1.2347296177863507,0.9578120680641932,0.7850302204498606,1.3938711185339725,0.8330452758038278,1.2206322509276852,0.9474170621713646,21.7
0.5389754806948142,-0.32843459715654133,0.5911974159827434,0.8241239935826933,0.32824222677490805,0.01926127301508464,1.666167103281541,-0.5749304047299326,0.41064524619378234,0.580513413102906,-0.1824680977029881,1.021219515082911,0.8317163789021118,0.5813531092676164,0.3885964273280291,1.450405406348624,-0.17202811906411458,0.7896541889790014,15.2
-0.8260515180209692,0.28602980130655936,-0.4976565195191802,-0.8739447927028552,-0.9071607651764056,-0.4152517308669408,-0.6951341788118048,-0.0058440046348435795,-0.41127113325049414,-0.7481018315380917,0.39191141749322245,-0.20321284212164972,-0.8422655237635359,-0.7449830119636457,-0.06096555268195323,-0.6328826892380025,0.39870552814349836,0.01316386412476224,12.0
-0.4243669264399345,1.1705884408523415,0.8661105205797358,0.14705275689232847,-0.6549083011156774,0.29952623231656716,0.4935888719649432,1.2096212169142235,1.8612921658185109,-0.32151022122553063,1.1068282716689508,1.16725294946187,0.20132957646665814,-0.31817842796659046,0.611863394184816,0.8016108038089003,1.1021544415369087,1.4692702866766656,16.0
-0.6859289860740967,0.15098268076521856,0.21940769350915498,-0.14727916606383337,-0.8297063025764879,-0.3694924819186816,0.38758549462727865,-0.15026488713162212,1.1191857396690392,-0.5944509353475359,0.27253204006225035,0.7741243783598666,-0.08581834936766428,-0.5911173413966336,-0.004726587103461024,0.7250184808220169,0.28056684973264384,1.1729286476687284,12.9
-0.43487611633594997,1.656758074801168,0.7883734395978669,0.08775511673632519,-0.6626902159106116,0.5244505406083947,0.21520805584763114,2.0768004932495967,1.7447734823315864,-0.33217629883385924,1.4625002701176266,1.1283277615594158,0.1442013482391295,-0.32883633993624756,0.7681233373639123,0.5900377784122571,1.4500364933622638,1.427468566949318,16.7
-0.14879261361108503,-1.2400026608105914,-0.6471245774717281,-0.5645189249797105,-0.42817596881883474,-0.8448576966446713,-0.6893320056784338,-1.0034925612333447,-0.8329084206610211,-0.04935604003938306,-1.297016569424478,-1.004820908727136,-0.5104730966934345,-0.04642492297339701,-0.8370779224462965,-0.6178336272987025,-1.3062785290720498,-1.2775514156228804,11.2
-1.3830385825097875,-1.4695827657308709,-0.6727384312602926,-1.4852495557656527,-1.1033744236135694,-1.028363023733984,-0.7521473734887748,-1.0331397159798532,-0.8287073341830063,-1.4436004566815086,-1.7191889775874094,-1.5391512007343349,-1.5618554612828992,-1.4445879533164796,-1.8925633201627305,-0.7967864999170674,-1.741146094173113,-1.2396787155021571,7.3
0.8250589834196789,0.6911711629305817,1.6623278109148485,1.1788316956067852,0.7230062748290293,1.1343282594298112,1.697258847642202,0.4928167783257314,1.2312147124161001,0.8268344971043214,0.7321904957446156,1.492729027828363,1.1483127531239892,0.8265018087379467,1.1238898914053137,1.4642795853793482,0.7343143533364226,1.2228875492195468,19.4
1.2127313218060265,0.8937418437425928,2.924568113794348,1.7125104570108147,1.333070749812561,1.690628281356855,2.787254392676343,0.7789336210080284,1.9393596837547498,1.1492233900222313,0.8937707566799962,1.8542148703743164,1.6102936252996791,1.1471082958502963,1.390876542476104,1.8874714844501752,0.8931567212864868,1.49647324667679,22.2
-0.4629006227253244,-0.6255382623474909,-0.5912117628086356,-0.7391774287119385,-0.6831314179479165,-0.5926359380839049,-0.7054541845197589,-0.7691628670765434,-0.7184956253068424,-0.36073275490733464,-0.49704225291671406,-0.5677416383510039,-0.6957075223074735,-0.35737396293691065,-0.3114848065814484,-0.6603090539949396,-0.48764615835889624,-0.6586150517666386,11.5
0.18983683859385697,0.562876398416308,0.8058455105279674,0.5060730145641302,-0.08974796455479606,0.49815239597163796,0.8316194857332752,0.32429395798585847,0.9053258514268924,0.2683144538652733,0.6270744626186749,1.137224653433425,0.5402824195914597,0.27037011666948974,0.7507105237099637,1.0204626150097915,0.6308076639736914,1.0708494527932844,16.9
0.5903537424086674,-1.33453564518953,-0.6582296795229032,0.06619233849777854,0.3956705872091983,-0.8348556913171933,-0.7064462552718996,-1.0195151044235533,-0.8595473710508758,0.625333982870422,-1.4550584988159865,-1.1655616796359791,0.12334067875122331,0.6259735325164313,-0.8089234151442104,-0.6629918814532878,-1.4713507289137584,-1.6091499611091753,11.7
0.4420573960982275,-0.15287334045279818,-0.21533820953893337,0.29152337109059107,0.20518131235361442,0.11710970091604933,-0.10915379886475295,-0.4353598839471967,-0.387753600803592,0.4952205299621772,-0.00946212908810283,0.33896925061101457,0.33910674334679086,0.49642404007493385,0.47083908786854006,0.2883612936708939,0.0005401180105668671,0.04741603731089065,15.5
1.6657941751009142,1.285378493312481,2.7356806734626247,1.9658731013137378,2.1555844397086723,2.614302883692751,2.106506557042947,1.401632867577157,1.433529630184313,1.5119761357020718,1.192797748047925,1.8076989925204292,1.8243249089802376,1.5075589291285234,1.759243495465883,1.6363515809874118,1.1863517024258594,1.307873435870509,25.4
-0.13828342371506985,1.244864357150079,0.7285198976016305,0.23653828658229686,-0.41866473962502665,0.6406086340924373,0.3308728027092558,1.3329648253334065,1.164435610054374,-0.03924063044440363,1.162605243974588,1.0971605995738491,0.28689845208043796,-0.03633104649137621,0.8426466199229249,0.682140607333394,1.1567900106056197,1.193375973134447,17.2
0.8799403084322042,-1.2805167969729936,-0.4211433670708838,0.8154988822872744,0.8041181785623487,-0.7558896653616315,1.3332018134157368,-1.0110133468124223,-0.6527106731803718,0.8732268808836354,-1.3627708153162628,-0.009667784160586345,0.8239120306575524,0.8726542931660524,-0.6149476896179948,1.293407875718457,-1.374882261813302,-0.45794116634477505,11.7
1.5548638373096402,-0.8888801474031055,-0.3507013122051905,1.1950037792856953,1.943280706801076,-0.1969646017739317,0.2877732974191566,-0.8972205910942058,-0.6505727156851988,1.424417028550088,-0.8070263365411592,0.12979045313228302,1.162554173158742,1.4205821561392797,0.18564563793559488,0.6485852097786636,-0.8016093048806896,-0.4522533928485541,14.8
0.47708802908494563,-0.40946286948134575,-0.36546616159065043,0.2386945644061517,0.24903766663254717,-0.07708968793855084,-0.25413403062833007,-0.6331347452984456,-0.5525046053816172,0.5261640709008303,-0.26528465722585887,0.10279087223552424,0.2889510612522932,0.5272382199731062,0.3021756927291008,0.12403352254270888,-0.25487262441473085,-0.22830115248450045,14.7
1.0644349754955862,0.7451900111471178,-0.44467737757176523,0.8295146881423299,1.0894934835854593,1.3960299979878115,-0.6865595589914346,0.5667166714071016,-0.6872921356647937,1.027322040630382,0.7757858303369871,-0.06341189563078206,0.8365914216474453,1.0259119153108185,1.2548665380103556,-0.610732917075016,0.7772016576595061,-0.5565389870844256,20.7
-0.10675585402702334,1.5622250904222297,1.3750155532394983,0.45755676352740027,-0.38974989703323776,0.8675315536486283,0.7281991971797118,1.8971191160451144,2.044814437204154,-0.00900053015149596,1.3950005475354108,1.3878450957444957,0.49513165336666987,-0.006157956349266978,0.9783051028649848,0.9571053985467981,1.3841052673514203,1.5322597586387006,19.2
-1.4250753420938493,-0.8281089431595021,-0.6359767997388289,-1.457217944055542,-1.1109410564119089,-0.9591275499341734,-0.7935797059381396,-0.8713474537487923,-0.53238642535204,-1.5053399119158712,-0.7322167407976345,-0.8838420691954211,-1.5262318683080802,-1.5071006112019438,-1.2701779513400333,-0.9404638959314537,-0.7255223367893853,-0.18927749895996998,7.2
-0.6614075429833939,-1.5506110380556752,-0.677020787280574,-0.9375549885065677,-0.8149906605251154,-1.0330702007118429,-0.5147337280158821,-1.036082632076014,-0.8741816901053343,-0.5681450597769502,-1.9196274101837958,-1.7852584401963638,-0.9126663893345338,-0.5647915131578426,-1.999497359973836,-0.25230946365886614,-1.8844582359716122,-1.9778234112704685,8.7
-1.564030186274498,-1.5438586820286082,-0.6797161393449694,-1.7440028946282125,-1.12872005539843,-1.0395970088408384,-0.8773788109229106,-1.0359872597951199,-0.8706754398132507,-1.729068848894036,-1.9007668776029256,-2.173421484663818,-1.9096175965436255,-1.7347815282205157,-2.2735515926867436,-1.3598818625940983,-1.8775030612269243,-1.8582426260639504,5.3
1.2652772712861038,0.245515665144157,-0.4747101462952989,0.9373285793350631,1.4224127783992973,1.0082397526635816,-0.6572831806129068,-0.050314736754606466,-0.7234663764831194,1.1920211733815445,0.35644335043738334,-0.13896517333312752,0.9336672499222483,1.1896500573858735,1.0567642267799437,-0.5390275335047132,0.36362936541765184,-0.6763148175442671,19.8
0.9196416924838181,-1.0171749119173792,-0.11085770860287426,0.966438329957101,0.8638748140761006,-0.48883940442004414,1.679434505912868,-0.9445933654754604,-0.3863639284317297,0.9066253384265806,-0.973048354476946,0.4677209283633226,0.9597415471699177,0.905876474266787,-0.15785694012655346,1.4563409034312036,-0.9713047500207622,0.049398103492849524,13.4
1.105304047313424,0.9950271841485985,0.4797283175305904,1.1001275550360898,1.1553584026346448,1.6986078114048726,0.20774076811160064,0.9311886551496794,0.060789881683686195,1.0610853594215903,0.9727034200862356,0.954331133328958,1.0787725272299067,1.059483634517446,1.3944126231840515,0.5838579856376162,0.9706425449747215,0.5313954309223677,21.8
0.334630121605625,-0.5310052779685523,-0.645089228400816,-0.0793564146124113,0.07508981338415345,-0.23402541721937972,-0.8596120998596756,-0.713083965910813,-0.8421123276777405,0.3994838616313266,-0.3935345567057719,-0.9804221187491068,-0.018731107914309614,0.40106807068053746,0.14725529644778862,-1.2473731896093863,-0.38350326648462185,-1.3706512715918484,14.1
0.73047627435554,-0.17988276456106625,-0.42890047531981823,0.4316814296411439,0.5872833282218742,0.24682852097889144,-0.4847987134533605,-0.4580312375768796,-0.6459974866455288,0.7462525055278395,-0.03554870432610564,-0.026912986761799276,0.4709715143219696,0.7463224861848998,0.5725977044055023,-0.20151776625287002,-0.025440064994201934,-0.4402238919104704,15.9
-0.8038654504627143,1.5892345145304976,0.007012654992452576,-0.4459236446677043,-0.8956496485825387,0.050546996807088705,-0.3911118327563815,1.947911667927,0.8443513036645606,-0.7233721938689371,1.4143629285023358,0.5910259641109775,-0.38739135075580183,-0.7202068576036388,0.4154567959829145,-0.0571091311845927,1.4030218494008355,1.03992148497152,14.6
-0.8400637712156565,0.7924565033365872,0.07376612186475265,-0.4103450605741022,-0.9142850699380263,-0.25707805580296156,-0.13180059240376743,0.6328096620667124,1.0901095177346876,-0.7638039190060305,0.813623294163825,0.6531602816782155,-0.3508577410294918,-0.7607171632661828,0.12274134320749092,0.2641851436356695,0.8144059696974609,1.159589694787342,12.6
-0.09157591306611235,-0.6052811942662898,-0.4029928627846266,-0.23460841792994722,-0.3756240256974905,-0.4473756781892226,-0.212946628509888,-0.7575955718652447,-0.4902900422720851,0.005503588130060819,-0.4745617951792831,0.02905081345469614,-0.17285444420185783,0.008312636401900171,-0.10221190170771784,0.1731670633733909,-0.4650012470979851,-0.11320957705576581,12.2
-0.8248838302547452,-1.51684925792034,-0.6755213561321455,-1.1736674102186535,-0.9065619753607409,-1.0229279942956706,-0.7136747873912325,-1.0353332784404174,-0.8689650738171124,-0.7467962662596098,-1.8299728264677897,-1.679051255043436,-1.181935727845849,-0.7436748698998127,-1.7990559738849816,-0.6827962296721829,-1.8363242113026021,-1.810062060379968,9.4
-0.2492137615063438,0.9207512678508609,1.3197010311620476,0.4413846798484903,-0.5158573065939541,0.34245461247395936,1.1026626831132804,0.8189354805373247,2.242447228057939,-0.14694150297357386,0.9149354923967382,1.366252160579358,0.4800381320723556,-0.1438260813131118,0.6430490554735748,1.1742516043220916,0.913940328090976,1.596582863468279,15.9
-1.4904658570023899,-0.49049114180615017,-0.6427586287311724,-1.5434690570097287,-1.120691095689371,-0.9485677232538059,-0.8573603874056466,-0.6874151977387442,-0.5002101650496875,-1.6061780645518382,-0.3502137939370072,-0.9538918513768048,-1.636952944394004,-1.6094586795905481,-1.2164822273303932,-1.2343893849971754,-0.3400057798703929,-0.13051177355667348,6.6
-0.06705446997540938,0.23876330911709012,0.27211743092330754,0.14489647906847392,-0.3525253262268131,0.088454984788476,0.39722628177048924,-0.05763115316033934,0.44194494392311406,0.028857927708290345,0.35050381590668295,0.8138603218496991,0.19925823167059775,0.03161113411040271,0.44728149039971304,0.7321701899992602,0.3577535677530568,0.8098495228452378,15.5
-1.4974719835997334,-0.10560684826332897,-0.5684967137763508,-1.1855269382498541,-1.1215898686150445,-0.919465556843166,-0.7513817089248819,-0.3946359200054165,0.2874988944718222,-1.6173937576364164,0.03575789727729334,-0.456955090449574,-1.1958306623322676,-1.620866730152968,-1.0880438865474866,-0.7943587280430663,0.04554360865989248,0.7061023639349532,7.0
0.8986233126917872,-1.4088115614872676,-0.6347840803156986,0.4435409576723448,0.8321260133979932,-0.880793920378679,-0.2271731700841557,-1.028357477323592,-0.841599217878899,0.8889605412288557,-1.5929901921456333,-0.8724637796049013,0.4820518637098918,0.888305280580274,-0.9475031151720668,0.15643642524948578,-1.6148489784974993,-1.3650285794262815,11.6
-0.27957364342816626,0.7654470792283192,-0.3928848134081612,-0.3316409200034071,-0.5412237215223841,0.22937795993930107,-0.6322261902880898,0.5948787434939737,-0.42298714032404167,-0.17678773652125004,0.7920366345314058,0.04969969743789675,-0.2706474727806791,-0.17362469958693205,0.5593443879987858,-0.48188120498247844,0.7931826283955477,-0.004423662742347023,15.2
0.9628461398341037,0.610142890605777,2.314329359087039,1.4569915348840372,0.9299342319783114,1.1700944520562535,2.5585491524986947,0.3852368454771873,1.6803568230020265,0.9428195858742268,0.6660667365342076,1.6955998250581206,1.391096200048854,0.9418763697740679,1.1424269939726894,1.8072675723257767,0.6692194294483585,1.4037046623556388,19.7
-0.6987735515025599,-0.7740900949429658,-0.5353444931924458,-0.8189597081945612,-0.8372764645878863,-0.7342211396536684,-0.4815549302471906,-0.8464961622701014,-0.5549204973511624,-0.6082958545106016,-0.6675002670138684,-0.3251997849290091,-0.7820593178454645,-0.6049746439421467,-0.5685281321231369,-0.1961643920260628,-0.6598725010457832,-0.23311697028899694,10.6
-1.6259176378843665,1.0557983883922017,-0.5968535118893197,-1.116526047886505,-1.1330637324044004,-0.9506498585710083,-0.865169342662124,1.0254845917308306,1.2224918458357945,-1.844511156121503,1.0195068297843939,-0.5989069999239967,-1.1155177592807926,-1.853357922009523,-1.226713716010777,-1.2805374158060416,1.016555783122891,1.2190762885065791,6.6
-0.7805116951382356,-1.5708681061368763,-0.6804465152889866,-1.2016990219287642,-0.8832268186151156,-1.0411601018296837,-0.7945388448810806,-1.0362052535800206,-0.881621782188536,-0.6975110745043991,-1.9798634963567638,-2.9284326958473774,-1.21484143011791,-0.6943021772159778,-2.4794033325318283,-0.9441210722985032,-1.893874375462894,-2.55721248866089,8.8
0.8554188653415016,1.7377863471259727,-0.4923694827774813,0.7723733258101811,0.7676625840679859,2.178900945248367,-0.8013063316716178,2.2350639810875763,-0.7140059145669794,0.8525308205422896,1.51977088872292,-0.18783305113328597,0.7848106513127429,0.8520659720125449,1.5950030411298612,-0.970431994936511,1.5059451392184031,-0.6430004686746399,24.7
-1.0210553749803668,-0.7605853828888317,-0.5126125002048756,-0.9289298772111493,-0.9961569308833674,-0.8278158068636148,-0.4176919192566843,-0.8400108471693026,-0.3287459739368194,-0.9730961007188843,-0.6515648192411784,-0.24883767956059627,-0.9030716435803752,-0.9706440077026222,-0.7896812946736188,-0.09608589723086389,-0.6437304556632136,0.12784487782800721,9.7
-1.7088234692862663,1.1030648805816712,-0.6791334458698328,-1.6372671423474063,-1.135430265827803,-1.0328912205986163,-0.9451504160178054,1.1003518322326986,-0.5133372240700492,-2.0402624856088596,1.0556314171700574,-2.0375224297544317,-1.761484825667639,-2.0474841298686526,-1.9947358357172404,-2.552364069767838,1.0519773169378297,-0.15397986160753616,1.6
1.3797106723760495,-1.3750497813519325,-0.5003873711299959,1.188534945814131,1.6224752397446127,-0.8117433926958691,1.400728488179709,-1.0247469552611725,-0.7483201323645046,1.2845405023526069,-1.5284590166133538,-0.21130361041238252,1.1568595340048515,1.2816012827128354,-0.7473776657326902,1.3265822572304304,-1.5479688289982774,-0.7722558730610722,12.7
-1.618911511287023,0.26577273322535816,-0.6778340971342648,-1.7590968393951951,-1.1326825773940363,-0.9730044747130067,-0.9427731510412024,-0.028201992198731766,-0.8205617161263975,-1.830659413575438,0.3742133910388836,-1.8605840490074896,-1.9312228621878709,-1.839075872189747,-1.3487449812397603,-2.3504289975260604,0.38120546310454567,-1.1726344370806,5.7
0.8495804265103819,0.6911711629305817,1.1276609752065714,1.0516113039993606,0.7590336581389096,1.1553136777056265,1.0939234042469117,0.4928167783257314,0.7334447586024656,0.8475954915651512,0.7321904957446156,1.2871704279202665,1.0357100554320726,0.847156165024362,1.1347922846178287,1.16953980602578,0.7343143533364226,0.9813035660269466,19.6
-1.2861204979132006,1.0355413203110007,-0.1717102252584657,-0.6443012044623334,-1.0820560160637287,-0.6162792110411346,-0.44817854162330095,0.9938073698624337,1.8252034432999917,-1.308338836507627,1.0039509007199678,0.3954194113827753,-0.5944691009069698,-1.3079548681167001,-0.3499453251007715,-0.14265302194391308,1.0012983341311448,1.4564808344100908,10.8
-1.1530040925636718,1.6027392265846319,-0.5753860976828022,-1.0464470186112285,-1.0439687487317886,-0.3639888434369647,-0.8619029188371293,1.9734714392066188,-0.4545647725277457,-1.1347861995124795,1.4240209184637744,-0.48839073267016325,-1.0351974096787286,-1.1331380076589856,0.0018526910069493901,-1.2608450527599053,1.4124562264786642,-0.05371984142000197,11.6
-1.4180692154965058,1.0625507444192688,-0.6298916765685605,-1.3688105532775008,-1.1097505352066974,-0.743337193420675,-0.8974013509163243,1.0360981641331883,-0.49390319043892733,-1.494899256525994,1.0246822096250081,-0.8282549004988815,-1.4159380410882614,-1.4965216590677748,-0.5877648365592187,-1.516649862708838,1.021631287638899,-0.11946964507509432,9.5
1.4789641325050842,0.3805627856854978,1.8906724961787855,1.740542068720925,1.8020984597265448,1.3183735098606908,2.4167344908944375,0.10173592821370002,0.9627193203848091,1.364054180917421,0.47358005083266685,1.5686360800740518,1.6341312928566754,1.3606111376253343,1.2170864787672429,1.755532818190698,0.4794000574028172,1.0991836504179204,20.8
-1.2148915441735404,0.17799210487348663,-0.556139027652829,-1.2016990219287642,-1.0629437588105017,-0.7089431816623027,-0.7649701966959056,-0.12225268577186968,-0.31404751615750576,-1.213970797975066,0.29667580321008963,-0.40442763978248625,-1.21484143011791,-1.2128404949627483,-0.5172217918904541,-0.8385580573589916,0.30447791675072733,0.14678412233651456,9.6
0.4420573960982275,1.3934161897455537,-0.6053144095354661,0.3195549828007016,0.20518131235361442,1.3801753429578247,-0.8817072855945952,1.5895435101616449,-0.8018438982561586,0.4952205299621772,1.2725404975271792,-0.6491311020167638,0.365617431316311,0.49642404007493385,1.2472232697838181,-1.3905493942277238,1.264385713189476,-1.0422604571973175,20.7
-0.8599144632414633,-0.42296758153547975,-0.5928049955192922,-1.051837713170865,-0.9241845125683164,-0.6689411263561649,-0.7515175526378306,-0.6424539796029546,-0.6471947428428256,-0.7861619844971035,-0.27928757181115293,-0.5763711120904806,-1.041333509019405,-0.783124353766309,-0.44140843090881504,-0.7947889374968726,-0.268896614748161,-0.44335332360968055,10.9
0.5448139195259338,0.8194659274448554,2.1420270727200594,1.119534055450782,0.33582807417767935,1.0042783261575,2.0676223233304083,0.6711765682092526,1.9792219012522487,0.5856201773547208,0.8351185925719374,1.6459064685906983,1.0959555180788376,0.5864373764814994,1.0546084175054442,1.6207778873515881,0.8355340053838021,1.510127060933551,19.2
0.8577542408739494,0.6709140948493807,0.8301938871573868,0.9782978579883013,0.7711196443265969,1.1425762596476692,0.7736553850656639,0.4655539306015757,0.4634527963245535,0.8545041203814523,0.7157429817104838,1.1494776683333414,0.9703481342453275,0.8540290489592883,1.1281837649394206,0.9853058168693541,0.7181278830380123,0.8235021218260199,20.1
-0.49559588017959477,-1.1859838125940552,-0.5687755703360835,-0.6054882036329495,-0.7064085387454617,-0.8633075633164433,-0.20580042591355446,-0.9919388906336024,-0.6720164293617833,-0.39426242414239326,-1.2131899876204737,-0.4581955094255823,-0.5534811124815388,-0.3908872619482576,-0.8917972164429212,0.18147900573466158,-1.2190944536457191,-0.5113594361192386,10.4
-0.5936816525424055,-0.5715194141309545,-0.37889494307780347,-0.5494249802127281,-0.7725506970871654,-0.6164522251505868,-0.1761741470622799,-0.7377717620508285,-0.26618933762805985,-0.4963107395296039,-0.43746469454578063,0.07729532112961392,-0.4946929725040397,-0.4929257387598339,-0.3502322908429927,0.21530699551984459,-0.42766534723896904,0.20579978402877594,11.4
-0.07873134763764876,-1.4425733416226028,-0.667383934490964,-0.5354091743576727,-0.3635678417534112,-0.9616422205250067,-0.6865101612776351,-1.0312867688081964,-0.8633422456048077,0.01774834483455678,-1.661263920205316,-1.3609327529403863,-0.480070751632923,0.02052839947568359,-1.2836781145336817,-0.6106069194925675,-1.6843433772599916,-1.6801995057819878,10.3
1.086621043053841,-1.0779461161609825,-0.5974214011824445,0.5955585442540989,1.1251295163805823,-0.518320412070347,-0.5164647062369411,-0.9635996985964987,-0.81373094192932,1.0456669024509517,-1.0562293639101852,-0.602141049302834,0.6230617050681472,1.0441530263609462,-0.19924855293192942,-0.2553266744785985,-1.056805074656775,-1.1217441688252139,13.2
1.1228193638067832,1.7377863471259727,2.1938964400434497,1.4623822294436737,1.18388032617254,2.5136235870009194,1.271092421265114,2.2350639810875763,1.4388103851973904,1.0755155939931114,1.51977088872292,1.6611279908886238,1.3957572196803216,1.0738311176182063,1.7225522421076278,1.262234531617346,1.5059451392184031,1.3100091625120431,25.4
-1.2732759324847374,1.1503313727711402,-0.5812238674184281,-1.1930739106333454,-1.0788252175756732,-0.5843431928377407,-0.8533303572548341,1.1765542846670831,-0.36897164420849793,-1.2910389555607653,1.091519030313722,-0.5164131560241111,-1.2046932157280499,-1.2905065777938933,-0.2983355584370299,-1.211755152081639,1.0871529622944376,0.07382878222845009,10.9
-1.1950408521477336,0.1712397488464197,-0.5510955548236396,-1.1833706604259995,-1.057097421310997,-0.6971424261968978,-0.7568772045850808,-0.12929660994647665,-0.31348095742128484,-1.1883085338502999,0.2906527838469017,-0.38424385802996436,-1.1933014190940188,-1.1870003468926464,-0.494213506887655,-0.81194574768999,0.29851383140622134,0.14750610408949774,10.1
1.5607022761407598,-0.6322906183745579,0.10557447771745593,1.4095534227592341,1.9542781268274767,0.12272669346947643,1.1912615992889064,-0.772964133700751,-0.33184601230482014,1.4290448402801441,-0.5045737892088104,0.6811559989316313,1.3500088714995242,1.4251796002134383,0.47540838535850555,1.2211851393825335,-0.4952361925151545,0.1237980965564988,16.1
-0.3040950865188689,-1.0036701998632451,-0.4109402747370087,-0.24538980704922023,-0.5613249427016792,-0.7379677900238779,0.26645406743850497,-0.9400699944387689,-0.4443239561258674,-0.20101602538887967,-0.9549928596400835,0.012367366350307727,-0.18366269151864348,-0.1978174613850748,-0.57638468199801,0.6316596057381747,-0.9527897822838886,-0.03741649944915198,11.6
0.5903537424086674,0.002430848169743746,-0.32448224015260296,0.36914937274935883,0.3956705872091983,0.33223783101060944,-0.3688787450704383,-0.29653871680005744,-0.5279394737620803,0.625333982870422,0.13716541421635983,0.17532875213434881,0.4123505403136833,0.6259735325164313,0.6356898591768134,-0.02557234261698208,0.146323668995248,-0.1808996589640939,16.6
0.283251859891772,1.1098172366087382,0.7154860159001082,0.515776264771476,0.01521867451337904,0.9874631445198643,0.3828083240552483,1.1111561491968445,0.7183080195366416,0.3532294716639658,1.0607725961932077,1.0902264989186399,0.5492894770770779,0.3549867147814706,1.0454245115544194,0.7214602504489227,1.0570173228661774,0.9730503654097984,19.0
0.47592034131872174,-0.14612098442573107,-0.4754828603486662,0.18910017445749447,0.24756441624783734,0.1408782599525376,-0.5791936280481328,-0.42962392248199444,-0.6673449922348303,0.5251347383814923,-0.0029688538515844102,-0.14102833428866215,0.24163123409370862,0.526213239179721,0.4900682600564826,-0.37142158443363554,0.007004783689053108,-0.4980781214927483,15.6
-1.6691220852346524,-0.7875948069970999,-0.6789704964181053,-1.93483348203935,-1.1347903018597842,-1.026972944854591,-0.9415937806242385,-0.8528724804784498,-0.8109409073981194,-1.9366572061174092,-0.6835310449069194,-2.008816224904573,-2.199190191973075,-1.9486747657446617,-1.866356461142073,-2.285376974892049,-0.6761202281249803,-1.1021376217058712,3.2
-0.620538471165556,1.3664067656372856,0.4426612646814517,-0.13973219368034184,-0.7896960062622169,0.17729176398848273,0.02960232096008209,1.5419118681608208,1.4666572815720178,-0.5246563258231107,1.252707917867245,0.9308909312154291,-0.07833846642607098,-0.5212797977152497,0.519002823900751,0.42661277173572737,1.2449838134466606,1.3212062539030895,15.3
0.03219899015362534,-1.4830874777850047,-0.6546811296175356,-0.27449955767125805,-0.255497455867302,-0.9830691230801138,-0.19717640837938455,-1.033902694227006,-0.8478527435522798,0.12246871570835496,-1.74947331953081,-1.1080119750168174,-0.21291605369604663,0.12497569825034695,-1.4131294882131558,0.19142975304033547,-1.7694615312560764,-1.4378800977390305,10.1
-1.5803778150016332,0.9207512678508609,-0.574197265786688,-1.1542609098039616,-1.130081547369607,-0.9123749613575068,-0.8375560206481807,0.8189354805373247,0.9013064913359673,-1.7582271186089744,0.9149354923967382,-0.4828449875032238,-1.159281421776576,-1.7646403345776442,-1.060119597531656,-1.129676538750351,0.913940328090976,1.0688374631358728,7.3
-0.17915249553290769,-0.32843459715654133,-0.22393166967843758,-0.17423263886201668,-0.45529601050276725,-0.318295220530222,-0.008501840522038848,-0.5749304047299326,-0.20106715232509284,-0.07867962717681845,-0.1824680977029881,0.32732929271234834,-0.11258577106260567,-0.07568862568657979,0.05506502207880839,0.3902054570315231,-0.17202811906411458,0.28036470888545995,12.9
0.2972641130864591,-0.34869166523774225,-0.15855377211691057,0.22036620290338688,0.031396587175500264,-0.10979233762693177,0.14358754555252218,-0.5898493543840808,-0.28762236151716836,0.36587518579024214,-0.20298441427747588,0.41164372536886257,0.27149012202657025,0.36758584357565754,0.2714541086236362,0.5294844790097821,-0.1925362702076274,0.1798502082066797,14.4
-0.716288867995919,0.8464753515531234,0.143095908426626,-0.3240939476199156,-0.8474464802193609,-0.1259572248531781,-0.07679623808797878,0.7099794619215947,1.0050615685767086,-0.6272496686038108,0.8565239140970623,0.712982387191342,-0.2629987607882337,-0.6239475572691778,0.2559854614601382,0.32206316384627637,0.8565682270957584,1.1196294127853967,13.3
0.4829264679160653,-0.34869166523774225,-0.2051390374003684,0.33680520539153885,0.25641568259962627,-0.02394452631780858,0.046292573510101756,-0.5898493543840808,-0.38629978970687434,0.531308558746633,-0.20298441427747588,0.3525520989047908,0.3818969402111912,0.5323609086048301,0.3505627409303717,0.44222306750196255,-0.1925362702076274,0.04948947398344825,14.9
0.1921722141263047,0.9139989118237938,-0.43802425076934204,0.07373931088127006,-0.08718497160444653,0.7536524736063371,-0.697377658313534,0.8088941418203316,-0.5905174896457916,0.27045055857922023,0.9096523345567895,-0.0477775288874113,0.13064724724693522,0.2724990271210579,0.9117466273498172,-0.6387717742315663,0.90875278113679,-0.3076707112972212,18.0
-0.3484672216353785,-0.5782717701580217,-0.6297924956272123,-0.6852704831155719,-0.5968194148396609,-0.5272366047109172,-0.8161421117160798,-0.741791022459937,-0.796766249205123,-0.2451423828792486,-0.44484784891972873,-0.8273965104662929,-0.6379996544529752,-0.24188648577474128,-0.21209192412605335,-1.0315166539681848,-0.4350928455172646,-1.0111981928650566,11.9
-1.507981173495749,0.9680177600403304,-0.6012930677415403,-1.3343101080958262,-1.1228850898076708,-0.8403921428196685,-0.8668241660744085,0.8899878298034289,-0.013440002548717455,-1.6343888501244654,0.951769761420608,-0.6246985462766514,-1.3736778818590765,-1.6381634473209516,-0.8243853496169896,-1.29074190344309,0.9500993334019607,0.46670456733329346,8.0
0.6977810169012699,-1.2197455927293903,-0.5668589432911977,0.3292582330080477,0.5415635494478285,-0.7203800108974805,-0.12065523322774603,-0.9993643039317859,-0.7737832061320141,0.7182060451841058,-1.2651015768053289,-0.4497218266902955,0.37477789363036595,0.7184119010069967,-0.5400796362069356,0.2761455865401553,-1.2730455143948334,-0.8869713759492224,12.2
0.7982021647965285,0.02268791625094491,0.9137996965284007,1.0322048035846685,0.6839445525580415,0.47523100947108876,1.607260329575589,-0.27736888834034346,0.5715051681305929,0.8040352446682637,0.155892019475913,1.1903263987609694,1.0184426020818593,0.8038183088137929,0.7353607654629866,1.4237743255473256,0.1649137873877367,0.8895109002080941,17.1
1.602739035724822,-0.8551183672677702,-0.575434762551806,1.082877332445253,2.034038341959227,-0.14220861913415045,-0.5719033487865505,-0.8831191181334354,-0.8091022639522707,1.4623008191923526,-0.7651912168302982,-0.4886188683557641,1.0634786899296378,1.4582159975618163,0.2402376198238658,-0.3571954856691885,-0.7590327892097953,-1.0895546643712655,15.0
-1.1331534005378647,-0.7875948069970999,-0.6223405092465889,-1.3030440796499334,-1.03741578435093,-0.8681459923773348,-0.7570459801072292,-0.8528724804784498,-0.6534589583036824,-1.1098761745414023,-0.6835310449069194,-0.7666086539040903,-1.3357297138756263,-1.1080831983901083,-0.9068081065605431,-0.8124919167049341,-0.6761202281249803,-0.4599420919077289,8.4
0.20384909178854407,-0.15962569647986533,0.20684379422288468,0.3443521777750304,-0.07432295067857929,-0.015589138032015181,0.6584660911993602,-0.44106859618928645,0.17737270389546522,0.28112072998323406,-0.015966680159722645,0.7643651963739361,0.3890109694855868,0.283133017178283,0.3580059929630239,0.9127010724787786,-0.005936619717377552,0.6250609480933902,14.5
-1.488130481469942,-0.21364454469640146,-0.6439815118793285,-1.5542504461290019,-1.1203852305575974,-0.9236417594851193,-0.8778233903471064,-0.48575732209394984,-0.516351744138243,-1.6024591102480001,-0.06841772984550444,-0.9676350486869236,-1.6510344769588763,-1.6056770778439333,-1.105033031604131,-1.362964000117293,-0.05819485111780552,-0.15946511228524266,7.6
0.24938891467127772,-1.0914508282151167,-0.5971195406988429,-0.13541963803263246,-0.02341169949485148,-0.684500464199328,-0.5027465494671935,-0.9675235867247131,-0.7844729936078787,0.32257166047393687,-1.0751736472837365,-0.6004196922733291,-0.07406716992740633,0.3244395590003684,-0.47017711058718514,-0.2316613261609949,-1.0763254421880206,-0.9417807792144081,11.7
0.8799403084322042,-1.341288001216597,-0.6265128166729677,0.41011865140259757,0.8041181785623487,-0.8155974311340146,-0.34674856928824394,-1.0204552026209381,-0.8340094687710352,0.8732268808836354,-1.4670196409959024,-0.7997765218081002,0.450795055341792,0.8726542931660524,-0.7573256353312952,0.004922807826633969,-1.483853150491408,-1.2879079311070714,11.5
1.51633014102425,1.7310339910989057,2.4012034352881715,1.7976834310530738,1.871189471646374,2.9979467563938984,1.4358873109765318,2.2217254863739586,1.3033921574531375,1.3938182624202313,1.5150185259574755,1.7197503739668103,1.6825999055886725,1.3901830093142404,1.892822929523792,1.343571054010261,1.501306864699095,1.2539405189079076,27.0
1.1835391276504281,0.46834341403736934,0.1486971379330067,1.0570019985589973,1.284122525359165,1.1965924578194471,0.09146678277978185,0.2064138188007519,-0.22627367119318145,1.1253589424630148,0.5481173550957628,0.7176285098612012,1.040502240246451,1.123384710417677,1.1560239413767093,0.48350446986123696,0.5529644382365357,0.25222350399194127,20.2
0.2704072944633084,-1.0441843360256473,-0.42601434041699277,0.13303695103727303,0.0004881313402019196,-0.64514870330458,0.28669478066786663,-0.9533131168714922,-0.588122977251198,0.34161694744637233,-1.0096153680803523,-0.02044518649254404,0.18785774571298736,0.34341648669307806,-0.3990209980590684,0.6477342743561042,-1.0088497949809891,-0.3024293182225595,11.7
1.5139947654918022,-1.4155639175143344,-0.5983243201672679,1.0979712772122354,1.8668477553143257,-0.8513188787321504,0.4033454235674071,-1.028997834066738,-0.8233517506575982,1.3919606912565423,-1.6063206937550132,-0.6073214921684503,1.0768618332600655,1.3883374908198876,-0.8558096088410391,0.7366894426396634,-1.6285536247483838,-1.1947439153555746,11.8
0.21669365721700734,-0.8956325034301725,-0.5217570091318178,-0.08259083134819342,-0.06008414452494631,-0.5471749893243567,-0.3465180466238461,-0.899959138017022,-0.6934815226133193,0.29283810729462323,-0.8154790058341177,-0.27844496068955515,-0.021914050690652945,0.294810194188343,-0.2413942171810326,0.00523596980506079,-0.8102203361194596,-0.5756696115344693,12.6
0.11160175825685292,-1.3953068494331333,-0.6620464905712348,-0.3596725317135177,-0.17379538928357383,-0.9197041969941349,-0.678878214495606,-1.026995016167962,-0.8585532208156202,0.19634785247240796,-1.566769879190966,-1.2368183273211482,-0.29912162174742346,0.19863618132476854,-1.0890034933084982,-0.5913532922259555,-1.5877636567626936,-1.5921236568043853,10.5
0.8344004855494705,-1.206240880675256,-0.5044228855189111,0.5438078764815868,0.7366902102628425,-0.6891957091696382,0.2858426701048245,-0.9964758862818502,-0.7234556866956435,0.834749680798988,-1.244151902776217,-0.22345043432101644,0.5752671893060758,0.8343764744666978,-0.47903274375738325,0.647061573747593,-1.2512567657374816,-0.6762762722227516,12.2
-1.0607567590319806,-1.1859838125940552,-0.628644956455032,-1.1779799658663628,-1.01159606161182,-0.945602619378019,-0.6028551329581128,-0.9919388906336024,-0.7006543700096245,-1.0208288168060293,-1.2131899876204737,-0.8175660514488632,-1.186983943394632,-1.0185821145470362,-1.2021888126710596,-0.41911127025366013,-1.2190944536457191,-0.5984903115306512,8.7
1.2465942670265209,-0.13261627237159704,0.20256767784680563,1.1238466110984917,1.390464773250753,0.5714328203303689,0.6207385872849609,-0.4180702518822521,-0.19854436248078877,1.1768272808356595,0.009984150108599805,0.761017191881528,1.0997707308893283,1.1745475537832835,0.7987225992262614,0.8880680412549493,0.019898212606964023,0.2831341797307796,17.6
0.6767626371092389,1.4744444620703583,0.3062002187584042,0.7421854362762157,0.5124969506945056,1.7167742928973693,-0.11940382447815759,1.735054361582928,0.06331267152799025,0.7001230411118907,1.331637536563212,0.8385817961189832,0.7573598071275743,0.7004153103038903,1.4024358496207252,0.2774809035396343,1.3221774805855595,0.5335199207053788,22.6
-0.0880728497674404,-1.4290686295684685,-0.6380187314710328,-0.3521255593300265,-0.37234538676574713,-0.953773061546812,-0.18265348052231958,-1.0301967998836925,-0.8219086293483565,0.00884559670539335,-1.6334537835033762,-0.9039305889419649,-0.29144542046352434,0.011646794116065742,-1.2423774347997962,0.20799359737450893,-1.6562679686098474,-1.1832044396855128,10.3
0.5144540376041115,0.3670580736313638,-0.13695949058966678,0.4004154011952512,0.2965957732755098,0.5948881641687104,-0.23054456405097437,0.08604037570084261,-0.32325142317422517,0.5590266176226639,0.46200390556068716,0.43754381355883804,0.4417027767074673,0.5599600955121631,0.8137629201524028,0.15243511635643275,0.4679679355773106,0.13497222109263393,17.3
1.6225897277506287,-0.6322906183745579,-0.6003603008252023,1.1076745274195812,2.0720562014343415,0.14470246837181186,-0.7286011299109938,-0.772964133700751,-0.8266442052001645,1.4779661384322942,-0.5045737892088104,-0.6191806374932816,1.0854576330717753,1.4737770624291864,0.49313645555559776,-0.7252038860075989,-0.4952361925151545,-1.2219548208294504,15.9
-1.4986396713659575,-0.7538330268617647,-0.6516182810216711,-1.5812039189271851,-1.1217369191591664,-0.9736637181300578,-0.8563395013204561,-0.8367273157842344,-0.5789511395969061,-1.6192717826422223,-0.6436322098105387,-1.063467428518651,-1.686492255116341,-1.6227774765287135,-1.3527486396966264,-1.2285839859156493,-0.6356983275175461,-0.28266942319711397,6.7
-1.2557606159913783,1.2043502209876766,-0.6291790177294592,-1.2340431892865842,-1.0742666507078924,-0.556884660466898,-0.8992496487076571,1.2652777551217085,-0.626798628338876,-1.2676559984516123,1.1322503594413216,-0.8221181283286331,-1.253087131547813,-1.2669315875426246,-0.25596813491841897,-1.533422352415193,1.1270601895005958,-0.3917268388334114,10.8
-0.8353930201507607,-0.8416136552136361,-0.6538087881561319,-1.1704329934828717,-0.911922849997251,-0.797926127954778,-0.8531656982088356,-0.8772877843873391,-0.8123519593449335,-0.7585626121026101,-0.7486506430965127,-1.0948910498455864,-1.1781529112425737,-0.7554649323420108,-0.7126565500568598,-1.2108461604663827,-0.7422181279343609,-1.111974183930239,9.9
-1.5161549878593166,-1.2940215090271279,-0.6683133365729941,-1.5952197247822404,-1.1238485649727576,-1.0201239725217877,-0.8345345271541088,-1.0133022815538806,-0.7431248956512345,-1.6477565958647225,-1.385312796470673,-1.3867885839102314,-1.705078789249044,-1.651777430895207,-1.7583211611520768,-1.1149919780005109,-1.3984342210744718,-0.7510688788694312,5.9
0.23070591041169478,1.26512142523128,-0.543129913963065,0.12441183974185455,-0.044442672247781576,1.048611700203721,-0.8228108030790178,1.367176224951275,-0.7199921955534634,0.3055972278175779,1.1777215973448893,-0.35367271081266116,0.17955784977182312,0.307524986840869,1.0785680235887531,-1.0606925414986834,1.1715916633947758,-0.6638974266734957,19.6
0.031031302387401136,0.8329706394989896,-0.5063467213673952,-0.1030754706748128,-0.25667189954635633,0.548577059871336,-0.7615329391106875,0.6905235166191989,-0.6532879217040685,0.12137572057595018,0.8458324153361537,-0.22932364028744,-0.04209959168041472,0.123885779875398,0.7839168576468732,-0.8271482660179045,0.8460627513218137,-0.4594842676469874,17.3
-1.2709405569522896,-1.321030933135396,-0.669826640857048,-1.5650318352482753,-1.0782276041643615,-0.9989983531572785,-0.8379018046447776,-1.017553160359446,-0.8270397273367716,-1.2879075693912034,-1.4314363099063965,-1.4326866028280996,-1.6651734248280312,-1.2873489122222674,-1.5334752100435989,-1.1313765389635364,-1.4466531492651584,-1.2253108918257718,7.6
-0.6170354078668843,-1.2400026608105914,-0.6600898230870278,-1.009790295605699,-0.7874831896742697,-0.9034707007244851,-0.7893562014082789,-1.0034925612333447,-0.8391940156968295,-0.520948785013994,-1.297016569424478,-1.1988844935158705,-0.9936520669181594,-0.5175708610867302,-1.0265525838422769,-0.9245622886782605,-1.3062785290720498,-1.339412439839177,9.7
0.3498100625665363,-0.9428989956196417,-0.6230862175100416,-0.08798152590782979,0.09306958538024937,-0.5501281611925951,-0.7132466738716364,-0.9183659882295832,-0.81799616713219,0.4130909836009779,-0.8754918921448207,-0.772386623399804,-0.027221522147213732,0.41462291856674865,-0.24580519706283727,-0.6816104991410104,-0.8714433291517061,-1.1530084710919557,12.8
0.9932060217559261,-0.9901654878091111,-0.5858950959240505,0.5233232371549672,0.9769966802538869,-0.4457350271513124,-0.530790043238808,-0.9354376265096268,-0.8016407922941173,0.9681608209738211,-0.9370834200122812,-0.5398512095711661,0.5562896973862501,0.9670795023065785,-0.10006753011003743,-0.2806546173830408,-0.9344396004776788,-1.040987784475896,13.4
